{
    "epoch": 4.970814132104454,
    "eval_loss": 0.304483026266098,
    "eval_runtime": 1.3464,
    "eval_samples_per_second": 407.009,
    "eval_steps_per_second": 25.995
}